site,sources,BFI_avg,summer_sum,totalppt_2004_2018_cm,BasinGIS_km2,r50_DevelopedOpen2011,r50_DeciduousForest2011,r50_UrbanTotal2011,r50_ForestTotal2011,r50_CanopyCover2011,r50_Imperviousness2011,DevelopedOpen2011,DevelopedLow2011,DevelopedMed2011,DevelopedHigh2011,DeciduousForest2011,EvergreenForest2011,ShrubScrub2011,GrasslandHerb2011,WoodyWetlands2011,UrbanLMH2011,ForestTotal2011,WetlandsTotal2011,Canopy2011,Imperviousness2011,NatWetlandsInvTotal,PopDensityBLK2010,HousDensityBLK2010,RoadDensity2014,StreamDensity,Slope,SandContent,PctHydrGrpB,PctHydrGrpB_D,PctHydrGrpC,PctHydrGrpD,PctHydrGrpD_A_D_B_D_C_D,s_name,norm_min,norm_median,norm_99,norm_90,norm_70,norm_base,norm_Qsum,norm_BFI,norm_mincv,norm_mediancv,norm_99cv,norm_90cv,norm_70cv,norm_basecv,norm_Qsumcv,norm_BFIcv,nonlog_mincv,nonlog_mediancv,nonlog_99cv,nonlog_90cv,nonlog_70cv,nonlog_basecv,nonlog_Qsumcv,nonlog_BFIcv
1,1645704,0.284587055,307.0364706,1745.1324,14.2258,11.3636,18.1818,11.3636,18.9394,85.0152,0.303,25.944,14.3697,17.7661,5.376,28.9419,2.3275,0.7843,0.1708,1.6444,37.5119,32.6229,1.676,44.327,22.6829,2.0825,1375.8641,661.6408,10.8649,2.5034,6.2027,29.8197,16.2,7.6,36.9,2.3,10,1645704,0.287000671,0.800619819,0.287304202,0.629532753,0.78634774,0.682707385,0.870593375,0.103292343,2.86691708,0.461332969,3.106251711,0.449039173,0.358645033,0.442793525,0.712460696,3.61695931,0.504336478,0.232072881,0.438685174,0.296477966,0.227829388,0.21141207,0.289006193,0.182819229
2,1645762,0.440705357,301.2176471,1717.802,7.0145,24.0506,50.6329,26.5823,50.6329,66.2658,1.5443,36.3974,6.6538,0.6282,0.0128,47.2051,2.3462,0.6795,0.0769,3.7821,7.2949,51.2564,3.7821,60.0748,4.7144,3.3881,580.6986,188.5645,8.2533,2.296,6.7791,30.0116,17.4,10.7,59.3,0,10.7,1645762,0.239338035,0.686110816,0.207613958,0.27312909,0.55711211,0.72072286,0.01246223,0.938967582,1.306503487,0.736237864,1.552810145,1.450806587,0.660784834,0.570014651,53.64145637,0.477361686,0.406851253,0.302283273,0.39512571,0.43478351,0.283604037,0.265213321,0.317904993,0.22052856
3,1646000,0.376494193,312.2994118,1737.5378,149.7681,7.0248,46.6942,8.2645,50.8264,76.9091,0.6157,32.4242,12.7989,6.8084,1.5502,35.3913,2.1096,0.9169,0.0613,4.295,21.1575,38.9003,4.3076,52.6665,11.8351,4.4179,841.7639,345.5598,8.9289,2.3716,6.8851,30.6344,20.7,9.2,50.9,0.5,9.9,1646000,0.388991186,0.632232964,0.381238156,0.553270294,0.695956339,0.595798554,0.260450486,0.547224841,1.115442686,0.680559374,1.186576045,0.689085213,0.487281525,0.644899868,1.791454905,0.670404255,0.64121816,0.266541022,0.589174858,0.415905144,0.277480726,0.265923195,0.21600617,0.172702287
4,1654000,0.198160781,319.3270588,1799.8186,61.7786,5.9701,12.9353,5.9701,12.9353,75.4776,0.0746,31.0803,24.6329,14.1883,4.3512,20.9212,0.4035,0.1617,0.0073,2.676,43.1724,22.7071,2.676,42.76,23.3744,2.3735,1778.9631,667.127,13.0016,1.1709,5.5077,34.2378,10,8,52.4,0.1,8.1,1654000,-0.328687832,-0.043612912,-0.338141235,-0.095658523,0.009199997,-0.139109724,0.643500572,-0.772506277,-3.090746381,-9.683128323,-2.955667021,-5.032993358,40.37645858,-2.777301863,0.767706918,-0.682499175,0.853499263,0.246581798,0.781788523,0.531033978,0.30052658,0.254948183,0.224369565,0.257582227
5,2085000,0.297082373,326.7164706,1773.2502,170.9909,19.2623,48.7705,20.082,59.4262,82.291,1.0246,8.6426,2.5905,0.9168,0.3047,45.6458,6.7237,2.4521,3.7279,0.7,3.8121,54.9195,0.7079,67.1066,2.2116,2.0687,72.2715,32.3719,3.5262,1.6925,4.8819,24.8215,71.1,4.8,7.6,13.6,19.1,2085000,-0.487226833,-0.881680934,-0.408158594,-0.748947907,-1.117021614,-0.792376295,-1.194424534,0.048533601,-0.946758609,-0.957385582,-1.063166174,-0.550846917,-0.620670372,-0.948201528,-0.844321647,9.283099508,0.639678828,0.463998891,0.521687404,0.451902591,0.60141972,0.422541097,0.419917315,0.211503526
7,2085500,0.28,336.07,1786.15,376.86,1.37,57.19,1.37,73.97,94.75,0.1,4.9,1.56,0.48,0.23,45.43,4.61,3.77,6.27,0.74,2.27,53.12,0.76,64.6,1.33,1.76,46.93,20.58,3.1,1.65,4.96,25.49,52.4,6.1,8.8,25.4,36.7,2085500,-1.685006027,-0.772617971,-1.721639527,-1.501507487,-1.097792595,-0.66584455,-0.868708974,-0.082781302,-0.674102869,-1.044368752,-0.681817217,-0.710979615,-0.840765097,-1.064499257,-1.146168256,-6.674952711,1.407576782,0.432317528,1.405322418,1.014904992,0.627745363,0.406458519,0.405472495,0.26120573
8,2086849,0.374885241,344.0194118,1793.0368,57.2252,0,21.2871,0,25.7426,97.802,0,35.2716,22.0049,12.556,4.9532,8.5431,5.1907,1.8461,1.975,3.6953,39.5141,15.2764,3.7204,53.0657,21.9538,5.6385,872.507,375.0146,9.9289,1.4556,4.8367,19.8528,11.9,5.8,1.4,60,76.1,2086849,1.385640561,1.225903919,1.421848114,1.464162465,1.344130435,1.329209625,1.309888799,0.553659811,0.069915431,0.2035869,0.050513204,0.051341645,0.114675308,0.148247508,0.389069218,0.574917108,0.167777989,0.153359437,0.114925672,0.08590225,0.119223678,0.12583094,0.23766978,0.155584459
10,2087580,0.133468079,345.1423529,1781.3782,54.8148,32.4607,24.0838,33.5079,24.0838,81.2932,1.178,47.1149,20.0877,8.951,2.0855,10.1563,5.3696,0.2496,1.1889,0.6486,31.1242,16.6639,0.6486,55.9854,17.2416,3.3578,828.5339,363.1195,8.9072,1.4453,5.7525,27.752,22.1,10.8,11.4,1.9,21.9,2087580,-0.898371075,-0.826266505,-0.961335177,-1.074002693,-1.059306779,-1.229852992,-0.025444318,-1.59844414,-0.5858944,-0.763670457,-0.636361206,-0.769919466,-0.68623333,-0.542121897,-22.68246031,-0.414961203,0.749143911,0.417028134,0.73896879,0.55494456,0.65522276,0.424898679,0.255703151,0.288261355
11,2088000,0.414959558,373.9076471,1842.0842,216.0311,1.8939,11.3636,4.5455,14.3939,92.2273,0.8788,18.6084,9.988,2.6521,0.6678,15.9371,10.5867,2.1563,9.6602,5.8662,13.308,32.9199,6.334,55.0965,6.7384,7.1091,348.7957,127.1056,5.3835,1.7951,4.809,46.8971,16.8,7.1,16,12.1,29.9,2088000,0.593003663,0.50701001,0.569829476,0.409555569,0.372290812,0.473608383,-0.094165282,0.710720423,0.364837218,0.778295233,0.357398529,0.685899316,1.052377951,0.770666869,-7.6159401,0.53215748,0.368615336,0.236629151,0.349044345,0.36679955,0.320155371,0.233708893,0.293194841,0.190387188
12,2093800,0.472999877,342.4488235,1671.8788,53.3976,4.0816,33.6735,4.0816,35.2041,79.4031,0.1582,14.2881,7.6261,2.0864,0.8427,36.5731,3.5392,1.505,3.2813,1.9567,10.5551,40.6296,1.9685,53.9253,5.5504,2.967,168.8464,65.4499,4.5505,1.8287,6.9615,29.047,63.2,7.3,3.6,2.3,9.7,2093800,0.562170329,0.435051915,0.517759861,0.448942228,0.529471125,0.509753298,-0.366825468,1.00797996,0.742471733,0.854528346,0.828780502,1.012602864,0.634935245,0.684739061,-1.676851721,0.369407593,0.633681628,0.223812639,0.61540341,0.425186047,0.249039378,0.219154863,0.282580003,0.185205085
13,2094659,0.136105575,325.8088235,1657.5024,18.9199,55.2632,0,100,0,55.0263,21.4276,27.1919,30.5076,21.9923,17.6823,1.8743,0.4091,0.0285,0.1427,0,70.1822,2.2834,0,33.2479,42.7109,0.7948,1077.1427,549.8606,8.0091,1.2936,4.4517,26.9451,39.7,5,40.6,0.2,5.8,2094659,-0.148148986,-0.593922403,-0.09837587,-0.142648275,-0.397796372,-0.699902886,0.694627748,-1.558794501,-2.129127777,-0.64418385,-2.928606506,-2.4614186,-0.942405803,-0.579867604,0.672316073,-0.288474224,0.595937148,0.221495592,0.439564122,0.386071089,0.278765393,0.259628108,0.224797354,0.234369246
14,2095181,0.186773707,313.4164706,1637.2078,24.7287,75.4839,0,100,0,42.8581,16.6258,43.7097,36.406,10.9174,7.3802,1.1754,0.0619,0,0,0.0218,54.7036,1.321,0.0218,46.7347,28.5398,0.5678,915.3334,441.1365,11.2,1.4214,4.6636,27.2645,60.5,2.3,25.3,0,2.3,2095181,-0.076901426,-0.473069557,-0.153683353,-0.169936896,-0.361751476,-0.570750848,0.171604606,-0.90970574,-7.984860068,-0.97262326,-4.264469712,-3.607639993,-1.460007132,-0.845384171,2.526133899,-0.50790759,0.779929973,0.2522575,0.773362567,0.601236463,0.375749287,0.296899457,0.195955209,0.224109098
16,2097280,0.11044174,347.8882353,1760.8804,38.1182,4.7059,5.2941,6.4706,7.0588,91.7294,0.7353,48.8526,23.9742,10.6544,2.7929,4.7287,2.8708,0.0212,0.7153,3.8529,37.4215,8.7067,3.8529,55.2411,19.7796,5.3358,1036.8648,462.9138,9.9208,1.5341,6.2115,19.9825,13.2,6.2,1.2,65.2,76.9,2097280,-1.424190234,-0.893349985,-1.410555675,-1.610656932,-1.171775422,-1.236494909,0.218878697,-1.830859494,-0.549101475,-0.648449698,-0.656657671,-0.858555112,-0.498399677,-0.496291549,3.526082371,-0.279298503,1.182239848,0.359348363,0.995576605,0.786983971,0.522664952,0.354367222,0.356278811,0.266400334
18,2097517,0.468971013,358.2123529,1801.622,106.0439,12.6087,56.5217,23.4783,59.5652,79.3217,5.0565,12.1115,4.6722,2.5703,0.6203,41.6922,16.6275,0.6576,3.5894,0.146,7.8627,63.2702,0.1816,75.2298,4.4581,1.3826,330.344,135.1844,5.2934,1.6119,7.4286,30.0004,63.4,2.8,6.5,11.2,15,2097517,0.830298937,0.136229526,0.806352799,0.688991949,0.364293186,0.329921599,-0.588875826,0.974114569,0.16794998,3.868653574,0.175630682,0.264730332,0.940001335,1.255593094,-1.413344216,0.39886974,0.254949974,0.40021778,0.250956137,0.256431566,0.352425531,0.308165227,0.409895889,0.197406433
24,2146110,0.249912997,288.3476471,1610.9188,18.1961,72.5352,3.5211,96.4789,3.5211,75.8451,10.3592,57.9619,26.327,8.9355,3.588,1.6556,0.7611,0,0,0.2817,38.8504,2.7874,0.2817,58.2973,21.431,0.5197,1046.203,514.4503,8.5855,3.7832,4.1403,27.2812,4,0.8,0.9,1.7,2.4,2146110,-0.277349004,-0.892124524,-0.313717305,-0.771418188,-0.918666866,-0.748334215,-0.53325668,-0.498633849,-2.036021545,-1.091067992,-1.900444142,-0.963459692,-0.849686693,-0.993278543,-1.364179513,-1.119841911,0.830361374,0.444691586,0.762299076,0.646878554,0.462705289,0.408219748,0.330725794,0.231853307
26,2146409,0.226238718,341.4988235,1700.5808,31.3452,1.8519,0,100,0,14.9814,68.3704,19.5246,31.0281,23.8911,23.3428,1.6163,0.1837,0.0316,0.1522,0.1321,78.262,1.8,0.1321,33.9784,48.8356,0.376,1121.8905,573.6934,12.0755,3.1645,3.6273,27.3352,49.2,3.5,4.7,6.5,10,2146409,0.876394641,0.151264299,0.840271092,0.709363567,0.440300101,0.281304508,1.016417153,-0.559503824,0.128172651,2.020578294,0.149998026,0.22144788,0.565356007,0.931190722,0.41927956,-0.579746082,0.200482845,0.199112037,0.212194729,0.183282313,0.195446427,0.177106561,0.203792804,0.166274998
28,2146470,0.180102578,339.5752941,1702.9176,6.7791,60.2041,0,100,0,73.3878,16.2449,32.6742,45.6536,11.2276,10.4446,0,0,0,0,0,67.3258,0,0,49.0313,33.6226,0,1486.7285,793.2552,9.8039,3.1725,4.3005,27.2645,73.3,2.9,8.6,0,2.9,2146470,-0.402245589,-0.775827344,-0.425367625,-0.299326648,-0.584089976,-0.721071605,0.075769948,-1.020196541,-1.790034878,-0.709002393,-1.915579835,-1.189320783,-0.616039959,-0.594368308,7.177124729,-0.359210234,0.826179602,0.315659062,0.720243139,0.40269893,0.249144152,0.262012021,0.266084517,0.183998557
30,2146562,0.156397904,347.7711765,1774.825,14.7483,80.8824,0,92.6471,0,76.9044,7.9706,45.2087,29.5349,12.8479,6.6711,4.0833,0.6897,0,0.0732,0.6592,49.054,4.7729,0.6592,51.6038,27.0519,2.6117,1764.1195,784.4195,9.032,3.9845,3.5609,28.2253,64.2,5.2,10.1,15.2,20.4,2146562,-1.077141545,-0.868117555,-0.995479195,-0.870723354,-0.825647593,-1.086388893,-0.130853681,-1.312772953,-0.7884484,-0.521513737,-0.939272494,-1.111208593,-0.644334527,-0.468436648,-4.494184132,-0.457633751,1.180178166,0.29112328,0.913456371,0.6918638,0.363447825,0.335775762,0.313087603,0.305081314
32,2146700,0.127702237,333.2835294,1662.1506,15.0818,54.1353,27.0677,69.1729,30.8271,74.9549,7.5489,36.343,32.1629,11.9551,5.876,9.029,2.7589,0.0179,0.9256,0.1254,49.994,12.0924,0.1254,45.2031,26.0094,0.9248,593.9291,282.6544,12.8045,2.5331,4.0784,28.1162,57.9,4.6,16,17.5,22.1,2146700,-0.434612486,-1.0585409,-0.411626153,-0.560793514,-0.884666101,-1.16439662,0.174975868,-1.69559831,-1.496728558,-0.359422734,-1.501307497,-0.735213091,-0.559219978,-0.361307098,2.943579448,-0.284398124,0.69749771,0.232650765,0.672948146,0.55564723,0.354026011,0.284112872,0.257465729,0.251555182
35,2160326,0.587047502,337.8476471,1844.3702,219.2995,13.2076,55.8491,32.0755,56.2264,67.8038,9.9887,23.779,15.1917,5.827,2.7128,28.1203,6.1816,0.6452,5.7966,2.3956,23.7314,34.5317,2.4419,52.9293,12.3574,2.2589,431.3771,183.6096,6.9098,1.4556,8.1638,31.506,87.9,1.2,0.9,1.9,9.7,2160326,1.375870762,1.634331838,1.363916232,1.455499354,1.56865497,1.693978892,0.873780706,1.433880064,0.137016034,0.277345093,0.140645971,0.190692138,0.259195492,0.238880461,0.737759366,0.078309841,0.340785729,0.270264134,0.323766661,0.337075885,0.307745597,0.267898942,0.296740078,0.056693957
36,2160381,0.498970315,282.2447059,1749.679,33.3605,4.7337,41.4201,4.7337,43.787,83.5799,0.2604,24.5123,13.9696,4.5117,1.2629,24.1615,5.162,0.7771,4.0233,1.4517,19.7442,29.7283,1.4652,46.3653,9.8689,1.6563,352.5231,137.0646,6.8306,1.5099,5.4254,29.4554,87.9,1.5,0.3,2.4,9.6,2160381,0.496938512,0.53582768,0.519003733,0.586000447,0.629170287,0.621866426,-0.287569701,1.083265135,1.272153365,1.097567783,1.25247164,1.026827654,0.836553037,0.901097326,-3.056129033,0.242379556,0.726623422,0.326798678,0.682606635,0.54171102,0.361063769,0.344081854,0.375627001,0.131893514
37,2164000,0.493857119,344.4705882,1896.0846,125.4681,40.3434,23.6052,60.515,23.6052,61.8884,12.4077,30.0763,21.9378,10.3953,6.0417,17.7074,4.084,0.3974,3.1026,1.8508,38.3747,21.9743,1.8874,46.8159,20.9817,1.9647,711.8797,319.4959,10.2678,2.9572,7.2788,31.2349,88.3,3.3,0,1.3,8.4,2164000,1.10932258,1.272873995,1.079095874,1.143862297,1.242020773,1.303136209,0.705128398,1.072885255,0.239673702,0.394229065,0.252061404,0.324062948,0.38921919,0.356897648,0.976649886,0.152794218,0.458507222,0.294801807,0.445143085,0.41100771,0.347333743,0.299929927,0.302899772,0.079983163
38,2165200,0.540594077,273.1717647,1706.0926,77.0087,0,51.6432,0,53.9906,77.108,0,10.4229,4.3237,2.3494,1.2694,34.3744,7.6269,1.3395,6.6474,2.0151,7.9425,42.5472,2.0526,55.4825,4.6624,2.8774,93.2881,37.1172,3.2686,3.1579,5.733,32.5914,83.4,2.6,2.6,4.6,13.5,2165200,0.031133997,0.282026185,0.019430306,0.118893875,0.283798716,0.408270181,-0.782734102,1.25488917,27.87299901,2.569580589,45.6404082,7.860001272,2.372565132,1.488929778,-1.225066238,0.18833108,0.93386789,0.381008287,0.85763944,0.658590176,0.422042268,0.367765941,0.423408895,0.123242563
39,2186000,0.629199758,354.3364706,2052.0406,270.1917,1.087,74.6377,2.8986,74.6377,82.4529,0.7246,11.8039,2.6474,0.7181,0.3457,42.6996,9.2521,1.7017,10.9482,0.4104,3.7112,52.6672,0.4247,63.8914,2.1426,1.728,80.2513,35.9249,4.26,3.1819,11.7317,33.9539,86.8,2.8,0,4.3,7.5,2186000,1.168948143,1.522917264,1.147957091,1.278891701,1.450846473,1.624446776,0.588079105,1.603727701,0.302973001,0.413488038,0.312724778,0.326519922,0.393829607,0.360875719,1.402901594,0.08539492,0.663002605,0.375475168,0.641217607,0.503533549,0.446636777,0.389970624,0.37571545,0.069787843
40,2203831,0.392199763,340.8205882,1957.7558,10.7557,34.4262,42.623,44.2623,55.7377,80.5492,5.8689,43.5702,27.4582,5.7023,3.3528,6.7726,10.0753,0.9783,0.3177,0,36.5134,17.4248,0,56.0189,18.4586,1.2629,1070.7496,482.9654,9.9592,0.9847,6.7439,34.2612,84.1,0,0.1,0,1,2203831,0.836048564,0.550244587,0.780939326,0.757797989,0.694016129,0.594250194,0.101816694,0.690398917,0.18524821,0.620392583,0.223475418,0.205320903,0.330419338,0.562579208,4.888041588,0.360416731,0.270087716,0.216729804,0.287044594,0.171714933,0.182385152,0.239474623,0.270737379,0.125243972
41,2203863,0.425646215,339.4247059,1952.9044,22.3358,12.2581,6.4516,16.129,42.5806,93.529,2.2516,39.8783,26.5022,8.2658,4.3848,6.7303,11.6955,0.1169,0.1169,0.5562,39.1529,19.5341,0.5562,57.1731,20.5905,1.0396,1279.0126,589.5231,9.6806,1.2376,7.0167,34.2795,72.8,0.2,0.1,0,0.2,2203863,0.935270673,0.821318764,0.899303043,0.883074333,0.914394002,0.85801886,0.405388117,0.760321515,0.366186478,0.561199418,0.399817335,0.385377317,0.416185117,0.522592074,1.38243837,0.355236044,0.436402073,0.245529882,0.436917143,0.339309351,0.248534434,0.270207201,0.247487491,0.138175049
42,2204037,0.354440725,322.4564706,1925.0406,41.5318,6.5934,45.055,7.1429,67.033,92.7473,0.9121,24.5768,25.7473,11.8484,3.9256,11.4582,15.826,1.2312,1.4762,1.6994,41.5213,27.5573,1.7406,51.5422,21.4826,3.6582,1013.4059,449.0184,7.6119,0.6854,5.9831,47.0546,74.2,0.6,0.6,1,10.8,2204037,0.617701424,0.891247994,0.62394156,0.628330822,0.79047131,0.789975096,0.527519183,0.558795472,0.264380352,0.302947311,0.314352952,0.417122485,0.296304124,0.36353104,0.873018558,0.530989716,0.262896284,0.170278764,0.292075151,0.278813434,0.194891134,0.203881926,0.233267825,0.150320417
43,2204130,0.471453976,302.3235294,1886.2802,66.8335,2.4272,14.0777,2.4272,30.0971,96.8107,0.0388,17.7274,12.1387,3.102,1.827,19.969,25.3275,2.1367,4.4429,2.6523,17.0677,45.9374,2.6914,60.3852,8.9466,4.8437,331.1546,143.9649,4.5455,1.2374,5.9581,40.5403,85.7,0.3,0.7,0.4,8.1,2204130,0.225205267,0.770805955,0.229165458,0.377413035,0.544829018,0.76014765,0.074351425,0.934300461,4.35858794,0.990024032,3.936677391,1.965251306,1.421657158,0.96811543,13.74511171,0.410501021,1.012479878,0.416223908,0.985508967,0.792191624,0.57789396,0.455737832,0.429329274,0.173969941
44,2207435,0.535036189,306.9188235,1843.4812,66.8165,7.9602,15.4229,7.9602,30.8458,96.1542,0.5274,11.5937,8.1188,1.7523,0.7691,16.868,21.8958,4.3153,9.9034,2.6142,10.6402,39.809,2.6142,55.9609,5.3382,3.6052,182.3486,68.1283,3.2086,1.775,7.3723,44.8969,67.1,6,0.2,0.5,8.1,2207435,0.342697421,0.806029693,0.322532373,0.411185174,0.640078821,0.93814729,0.078537558,1.165186276,2.097610164,0.925102366,2.19802872,1.577737185,1.062896768,0.715526959,12.58544015,0.273135322,0.786948644,0.364349444,0.746043059,0.604346105,0.405431357,0.41146886,0.429012209,0.147664224
45,2335580,0.547266088,322.9894118,1955.5714,96.5858,2.2831,18.2648,2.7397,25.5708,74.5617,0.3699,21.8707,15.5148,5.2461,1.859,26.7851,8.938,0.7231,2.0575,2.1628,22.6199,36.6242,2.2093,52.1295,11.7232,2.803,417.4689,152.3864,5.1657,1.6559,7.6928,34.7925,91.7,5.1,0.4,0.8,6,2335580,1.136566059,1.295640914,1.106236682,1.07395313,1.224009622,1.373091844,0.659220239,1.207156753,0.175128958,0.455275835,0.189105728,0.284383633,0.385904529,0.365247108,1.149932074,0.285283632,0.346151779,0.381250065,0.339940417,0.342595476,0.354717577,0.353094776,0.344973784,0.15474086
46,2335870,0.359013088,326.3211765,1907.8448,79.5973,17.8899,30.2752,26.1468,66.5138,77.1927,4.1101,38.1852,25.8277,8.5697,4.8881,8.4249,11.8046,0.0938,0.2137,0.5066,39.2854,20.5925,0.5066,52.2972,21.413,1.4764,902.4933,371.9017,10.6739,1.0277,6.8804,34.2615,70.4,0.4,0.7,9,14,2335870,0.589697433,0.723603217,0.562579547,0.602040233,0.703075466,0.689353316,0.559330402,0.396990852,0.672527163,0.853044294,0.758505958,0.83661832,0.765352526,0.828633836,1.464806564,0.849894588,0.845653085,0.384396384,0.897234097,0.647054706,0.428843213,0.394382176,0.381560929,0.160735601
47,2335910,0.257943726,333.5476471,1905.635,47.9663,23.6842,30,65.7895,31.579,63.8158,21.7684,24.1571,26.5962,22.2358,16.0347,3.7957,5.3943,0.197,0.4597,0.4916,64.8667,9.3307,0.4916,35.5912,40.1267,0.8444,1177.1014,605.426,12.6219,0.7644,5.3785,34.906,53.8,0.2,0.2,2.9,7.7,2335910,0.774387247,0.66220318,0.738886436,0.728228685,0.724379683,0.652226476,1.195137655,-0.233993892,0.298629922,0.706359942,0.301157768,0.442044607,0.584674942,0.659261121,0.481693269,-1.147241685,0.387443589,0.294306033,0.357378174,0.351444441,0.34903303,0.289133612,0.263197905,0.125757847
48,2336120,0.23654828,370.3776471,2027.3772,88.3942,43.5185,8.3333,88.4259,8.3333,57.2593,27.5509,30.6061,23.6258,15.7668,12.7501,6.3155,9.095,0.0407,0.0774,0.8685,52.1427,15.7322,0.899,47.3339,32.2276,1.688,1449.7849,609.9907,10.1116,0.9608,6.9321,34.2783,66.9,1.4,0.4,0.2,4.3,2336120,0.398297941,0.367461047,0.380868601,0.331392693,0.415406646,0.23767038,0.804704955,-0.423237036,1.024946317,1.262321749,1.080727307,1.495474176,1.267473837,2.160507475,0.851107667,-0.934656254,0.781260394,0.28316228,0.71489896,0.561581748,0.388391484,0.335669779,0.30663848,0.173110217
49,2336152,0.28772546,344.4858824,1957.0192,14.6924,30.8271,26.3158,39.8496,60.1504,78.4286,5.0602,27.7876,27.3162,14.0469,10.1096,4.7456,15.0389,0,0.0796,0.3552,51.4727,19.9008,0.3552,47.0147,29.3999,1.0168,1299.7388,594.3958,10.6035,0.9033,5.0004,34.2612,65.5,0,0.6,0,4.8,2336152,0.240766151,0.2221868,0.210970463,0.128571353,0.237262812,0.219098166,0.313004848,0.00238268,3.313512145,2.632878286,3.727086457,5.460339869,2.886111861,2.424701183,2.021567199,130.9447787,0.677541221,0.269233418,0.654776672,0.521766444,0.336932076,0.268147982,0.272559523,0.155173568
50,2336410,0.317897574,346.3629412,1955.927,96.5177,18.1416,38.0531,28.3186,66.3717,77.0929,5.3894,32.5472,20.5797,13.0521,8.5655,11.2718,11.837,0.0233,0.1296,0.318,42.1973,23.7905,0.3255,54.581,25.5838,1.7483,1046.2732,527.2464,8.9125,1.0444,7.6174,34.3472,45.3,0.5,0.8,0,4.2,2336410,0.373807516,0.586560559,0.431288112,0.531043783,0.591169329,0.452020943,0.535076039,0.106237147,1.526847526,0.90052598,1.163578285,0.841663277,0.921505616,1.236474817,1.507295334,4.518651852,0.903799231,0.315659821,0.795512359,0.529041823,0.408873607,0.368607721,0.340486312,0.227965376
51,2336526,0.26431862,344.6417647,1960.2196,34.7661,18.1818,57.9545,23.2955,69.8864,82.2784,3.0568,23.7028,29.5158,18.0735,12.1258,7.3485,5.5671,0.6499,1.0435,0.057,59.7152,13.2289,0.057,45.4869,34.5464,0.1475,1342.7668,712.0635,12.5055,1.4949,7.8704,36.2703,0.5,0.1,1.4,0,3.6,2336526,0.545505849,0.082354892,0.525687743,0.407914333,0.242894372,0.106673195,0.387833581,-0.214365019,0.499377012,6.318191155,0.545464036,0.843953855,1.871854107,4.312606324,1.683178179,-2.210773775,0.525733938,0.301857598,0.510322114,0.396840585,0.323878088,0.28569171,0.31267436,0.270082248
52,2337410,0.498028146,323.4535294,1959.7116,170.6413,0.7692,59.6154,1.9231,95.7692,73.7462,0.35,10.3307,5.9456,1.2456,0.4082,33.6837,22.899,3.6879,4.6113,1.0052,7.5994,56.8917,1.0495,67.6166,3.7303,2.3444,136.5584,53.7581,3.3745,3.1537,8.6095,36.0379,75.2,7.9,3.6,11.2,19.1,2337410,0.28475963,0.799203437,0.229502474,0.341217043,0.564456708,0.963754625,0.222959662,1.066746983,1.498371915,0.937031612,1.989490175,1.647633309,1.339346729,0.643369143,4.13315176,0.427207354,0.862375215,0.465057785,0.862449211,0.671988318,0.574392012,0.43449999,0.437226743,0.183156447
53,2338840,0.421663891,289.9452941,1875.6376,232.9793,0,18.251,0,24.7148,75.1483,0,4.9237,2.2394,0.2766,0.0757,23.7936,31.5524,7.7043,7.3628,4.7422,2.5917,56.7675,4.9292,72.714,1.3158,5.233,36.9451,15.9471,2.2675,2.8433,5.9915,34.3776,88.9,4.7,0.6,3.6,8.6,2338840,-0.191310591,0.203328958,-0.243538297,-0.41311839,-0.109578748,0.390630063,-0.330691888,0.817821782,-2.633322129,3.795303122,-2.330013787,-2.186831069,-7.996188203,1.694486912,-3.005544013,0.292408733,0.718209342,0.403244285,0.75831097,0.86531843,0.511202398,0.4066768,0.446761985,0.123339705
54,2344620,0.346246718,320.3076471,1912.7724,62.1303,18.5714,29.5238,18.5714,40.9524,70.3714,1.1762,15.0218,9.707,1.7151,1.2183,18.8924,27.2392,2.3829,4.1314,4.3342,12.6403,46.5995,4.3646,63.3796,6.457,4.7962,208.7194,76.0122,3.8878,1.53,5.0337,34.3396,96.1,0,1.2,1.3,1.3,2344620,-0.540750203,0.570844417,-0.502209598,-0.364085241,0.138855873,0.43766862,0.1199507,0.467323672,-1.137273248,1.491358866,-1.210443227,-1.919936062,6.267445084,1.257978104,7.252882811,0.873122224,0.895289174,0.405327406,0.810926027,0.607161168,0.523816648,0.346631589,0.38227318,0.201771411
33,21473426,0.229742636,280.0235294,1646.5804,25.0315,8.642,70.3704,8.642,78.3951,92.8457,0.2037,16.0476,4.207,1.014,0.7515,27.2554,10.1543,0.7587,3.2829,0.7299,5.9725,39.8907,0.8234,51.2951,3.7867,2.0958,188.5451,71.2511,5.2542,5.7986,4.2039,30.4983,69,6.4,7,16.4,22.9,21473426,-1.341594859,-1.581627492,-1.39461278,-1.741290377,-1.699214761,-1.391462053,-1.439513532,-0.517088029,-0.558103842,-0.680595818,-0.583051213,-0.604961258,-0.552708685,-0.563137815,-0.67744427,-0.79322702,1.152538535,0.555763219,1.05476539,0.698597005,0.530529005,0.480060995,0.427940193,0.192487202
34,21473428,0.213528827,278.1152941,1625.3968,76.6617,6.1611,65.4029,9.9526,68.7204,75.0474,2.3981,24.7676,13.8846,5.0066,2.1095,24.2804,7.4823,0.4672,3.585,0.6762,21.0006,33.6937,0.7219,53.4801,11.337,1.7961,436.1823,174.4913,7.513,4.7104,4.1594,29.6928,41.5,6,8,12.1,18.1,21473428,-1.151253963,-1.21433903,-1.107053424,-1.172001872,-1.280727799,-1.233785823,-1.073640585,-0.644095186,-0.619965339,-0.520023437,-0.524434393,-0.431174468,-0.465683888,-0.512732223,-0.811601658,-0.657213598,0.950120918,0.390074498,0.849486528,0.523066615,0.403757357,0.43234816,0.421909048,0.206558968
6,208524090,0.287592449,337.7229412,1802.3078,20.5979,3.4247,85.6164,3.4247,93.1507,89.9315,0.0342,6.867,2.2366,0.2883,0,42.22,6.5394,1.7342,3.9009,0.2665,2.5249,52.2191,0.2665,64.9889,1.336,0.9529,53.5269,22.6831,3.0392,1.3619,6.2825,23.649,77.5,10.5,4.2,5,17.8,208524090,-1.2653489,-1.055162152,-1.400208391,-1.620379848,-1.469205006,-0.820331645,-1.079362254,-0.093659287,-0.618511197,-0.838620622,-0.613227896,-0.619597522,-0.661409822,-0.884871872,-1.015681097,-7.595084013,0.835871212,0.452409565,0.802651442,0.986995731,0.696342644,0.398702066,0.463316126,0.321439841
9,208732885,0.195415211,335.0723529,1699.3108,17.7687,43.5714,36.4286,62.8571,36.4286,63.6214,12.4929,41.7245,21.1584,24.2216,7.2958,2.1417,1.7721,0.0506,0.3899,0,52.6758,4.4707,0,36.6954,31.7828,1.0981,1224.3053,551.1551,9.1143,1.4125,4.097,30.9242,7.2,4.4,0.5,6,10.4,208732885,-0.116671055,-0.02778433,0.060286323,0.282333135,0.159200933,-0.251157028,0.530504442,-0.816818208,-8.488519822,-12.07754063,12.13945045,1.03243401,1.84990238,-1.354274371,0.645747728,-0.534410574,0.718625431,0.210592242,0.629268876,0.331296812,0.236460362,0.23374537,0.152795973,0.217221838
15,209722970,0.112598145,347.2635294,1843.6844,12.1356,49.5798,27.7311,55.4622,42.0168,79.2941,3.3277,38.145,19.4321,16.7853,5.3084,8.3704,8.3852,0.0445,0.1483,0.2076,41.5258,19.8028,0.2076,53.5896,23.8898,0.5857,1188.7701,475.3025,8.807,1.3914,6.5781,20.1195,21.3,2.7,0.1,61.1,70,209722970,-0.413541145,-0.607841621,-0.39311303,-0.337287014,-0.447252185,-0.94027356,0.532104266,-1.726980965,-1.055660231,-0.946653468,-1.197204927,-1.575682199,-0.954226373,-0.614534723,1.581277848,-0.284721887,0.612131698,0.350798873,0.612400353,0.634471133,0.391542928,0.356962873,0.39566654,0.229730384
17,209734440,0.213491164,353.0205882,1827.0728,20.8103,25,61.1842,25,75,93.4145,0.9605,21.221,10.1263,1.803,0.441,31.3516,21.7096,0.6226,3.7011,0.6399,12.3703,55.7593,0.6399,76.4796,6.185,1.319,476.9945,185.577,5.8896,1.1522,5.4991,26.3084,55.5,2.8,18.8,13.1,25.1,209734440,-1.16874696,-0.854237325,-1.21227619,-0.957110869,-1.062941522,-0.845811856,-0.255482572,-0.881450681,-0.840920443,-0.813640122,-0.825103154,-0.695902994,-0.733166376,-0.66688477,-3.277749014,-0.598416038,1.451145824,0.493006787,1.357446345,0.812399407,0.628934148,0.39780283,0.415750702,0.244614333
19,212393300,0.344543335,308.3447059,1681.0736,53.5941,26.5306,14.7959,26.5306,14.7959,84.1429,1.3673,15.1261,6.6131,1.8882,0.423,35.3699,8.2949,1.6617,7.2005,1.6986,8.9243,44.4603,1.7439,61.0304,4.7873,2.5943,225.3245,80.8319,4.4939,3.2277,6.8265,29.7668,61.7,11.6,19.8,5.8,17.8,212393300,0.025033306,-0.517057875,0.015528476,-0.207322013,-0.477673485,-0.513989847,-1.024287597,0.259879802,21.57886559,-1.149214368,34.28170629,-2.428800859,-1.114884903,-1.886385064,-0.916182323,2.812509932,0.600433194,0.331176072,0.546976679,0.426619719,0.392239934,0.387554552,0.417610922,0.294845867
20,212430653,0.24453304,354.9523529,1779.7526,14.8986,57.6923,0.7692,71.5385,0.7692,81.9077,7.1923,29.6287,13.6674,1.9559,0.1026,30.0996,9.5261,0.3924,4.1232,1.0685,15.7259,40.1207,1.1047,62.4977,7.6796,3.1935,511.4173,183.4853,7.1917,3.7251,6.1573,29.047,80.9,8.1,4.2,5.3,13.9,212430653,-0.53935411,-0.834123987,-0.499258852,-0.572208638,-0.729453976,-0.813973999,-0.87740363,-0.270151847,-1.275767569,-0.665963609,-1.428550584,-0.639375389,-0.583098748,-0.682962618,-1.08017572,-1.601396994,0.888734547,0.311889378,0.731020971,0.484083414,0.295398643,0.334192587,0.447477385,0.242543993
21,212466000,0.319556021,336.91,1708.0992,29.2363,1.2048,48.1928,1.2048,50.6024,50.7048,0.1205,18.6165,5.0895,0.9785,0.3323,32.2635,15.204,0.5631,6.3296,1.9386,6.4004,48.9476,2.0032,63.1059,3.8041,2.8594,189.864,73.7829,5.9322,3.7917,5.9691,28.5177,82.1,8.4,5.6,3.3,11.9,212466000,-0.933617422,-0.777032439,-0.96841572,-0.81502881,-0.722177406,-0.652939172,-1.04881046,0.09910394,-1.123681877,-0.675188943,-1.118207849,-0.800392181,-0.655897327,-0.783190683,-1.055259834,6.034344436,0.870678275,0.324843339,0.824650696,0.541291371,0.389699969,0.352999518,0.514003729,0.308432467
22,212467595,0.286590873,340.6641176,1732.5848,28.5797,3.1056,93.1677,3.1056,96.2733,93.7391,0.1304,27.4049,9.8558,1.4763,0.2172,30.4143,11.776,0.6894,1.3315,1.2843,11.5494,43.7893,1.2843,60.5729,6.0188,2.6537,364.2132,131.562,6.174,3.6224,4.4919,23.145,72.8,5.5,11.9,9,14.4,212467595,-0.007594398,-0.59202203,-0.00163245,-0.198209607,-0.474267629,-0.531154392,-0.581229377,-0.16833639,-48.2399021,-0.813961747,-204.4700354,-1.854933272,-0.948652652,-0.941736382,-1.484748976,-2.273599928,0.542953101,0.29291996,0.449004723,0.384913655,0.343099785,0.337161279,0.393274631,0.196842214
23,214265808,0.305351599,309.1382353,1672.7678,18.7044,27.9412,30.1471,30.1471,31.6177,66.4412,2.5735,31.1337,21.3169,9.2684,2.0345,17.3729,4.0498,1.8037,4.526,1.188,32.6199,21.668,1.188,50.5106,17.2057,2.686,547.9112,235.6974,8.1866,2.8566,4.6252,26.6156,53,8.9,23.9,0.1,21.9,214265808,0.103899085,-0.378023492,0.031310047,-0.156298294,-0.288490476,-0.484323541,-0.853411453,0.142576404,2.822868486,-1.389508991,10.00365702,-2.318098156,-1.59704329,-0.932538209,-0.618145126,3.120163477,0.455977463,0.335764647,0.471988638,0.458135071,0.413994369,0.278766709,0.240148782,0.237229636
25,214627970,0.444314947,339.8841176,1698.3202,23.4799,66.0377,1.2579,97.4843,2.5157,58.566,18.6667,23.6838,34.4777,15.1161,10.0659,6.1461,1.958,0.2759,1.5787,0.1035,59.6598,8.2343,0.1035,39.3386,32.2517,1.1575,796.5446,338.5265,9.4897,3.1655,5.3846,29.0307,61.1,4,13.3,1.2,5.1,214627970,1.390441064,1.342301552,1.437922664,1.529631997,1.499395777,1.39840716,1.087086812,0.848862973,0.126821477,0.264532496,0.097937099,0.114438777,0.164866368,0.233839903,0.375336142,0.343809157,0.298723357,0.210112311,0.240188491,0.201543465,0.188108394,0.21364439,0.193559327,0.142095281
27,214642825,0.215662963,362.7394118,1786.9154,13.202,69.7674,7.7519,84.4961,7.7519,73.1473,8.8295,46.2251,34.3077,10.5342,4.5653,3.0117,0.586,0,0.5519,0.2112,49.4072,3.5977,0.2112,52.2922,25.3064,0.9944,1493.8156,598.2551,8.4295,3.8068,3.5468,27.7955,53.2,3.9,8,30.7,34.6,214642825,-0.902748887,-0.545276523,-0.774814324,-0.672851183,-0.427426153,-0.650603101,-0.165289905,-0.706603897,-1.024362812,-1.073751217,-1.334970663,-1.680652942,-1.373602162,-0.923666534,-3.377997489,-1.038021517,0.997709775,0.334871028,0.832833484,0.680610637,0.377662927,0.366993065,0.245564861,0.329106784
29,214655255,0.205003858,341.2035294,1761.1598,18.9283,48.6111,26.3889,56.9444,26.3889,83.25,4.3472,48.0409,30.7133,5.9629,2.0827,8.1265,2.135,0,1.2126,0.4232,38.7589,10.5326,0.4232,54.6616,18.7712,2.0165,1253.8191,513.3513,9.3077,3.3733,4.1649,29.0208,66.4,5.1,12.4,14.4,20.1,214655255,-0.609661166,-0.813619628,-0.626919242,-0.488455323,-0.719324517,-0.885766404,-0.419874715,-0.783649348,-1.185333111,-0.503843324,-1.269368261,-0.852119443,-0.7035458,-0.514465264,-1.456017242,-0.815473069,0.618607957,0.241704361,0.62804602,0.364800277,0.393958957,0.296844764,0.296337109,0.321717673
31,214657975,0.244771856,336.9841176,1761.1598,21.6176,18.9543,28.1046,20.915,33.3333,85.0262,1.3595,46.0417,12.2226,2.4945,0.5789,19.1854,9.7197,0.2499,1.0744,1.4575,15.2959,30.4752,1.4575,62.5169,8.8642,2.9382,539.2777,220.4894,6.6101,3.435,4.4196,29.047,83.1,6,6.4,3.6,9.9,214657975,-1.270851787,-1.267730331,-1.057652129,-0.949545887,-1.150976345,-1.02498046,-0.908257706,-0.520149612,-0.770036511,-0.536677043,-0.890061652,-0.618595452,-0.581607434,-0.570591483,-0.99069774,-1.182119622,1.208418927,0.417591447,1.010571902,0.565312399,0.514327221,0.3885702,0.403636342,0.338026412
